,Year,LexicalDensity
0,2006,37.83783783783784
1,2007,36.8466259980765
2,2008,36.799353440213906
3,2009,40.4283268835679
4,2010,40.11687726119745
5,2011,39.19060595377942
6,2012,38.686075453826135
7,2014,39.95850730556219
