,Year,No_Of_Neg_Reviews,No_Of_Reviews,Percentage
0,2006,1,1,100.0
1,2008,4,23,17.391304347826086
2,2009,11,52,21.153846153846153
3,2010,6,38,15.789473684210526
4,2011,10,30,33.33333333333333
5,2012,4,16,25.0
6,2014,2,4,50.0
