,Sentiment_Score,Count,Percentage
0,neg,1878,5.070741980775462
1,neu,8233,22.2297224322281
2,pos,26925,72.69953558699643
